<?xml version="1.0" encoding="utf-8" ?><dwsync><file name="master.gif" server="66.147.244.160/public_html/" local="3406845665" remote="11996777552" /><file name="master.ai" server="66.147.244.160/public_html/" local="3406765065" remote="11996777552" /><file name=".DS_Store" server="66.147.244.160/public_html/" local="3406165424" remote="11996777552" /><file name="clear.gif" server="66.147.244.160/public_html/" local="3406765065" remote="11996777552" /><file name="background.ai" server="66.147.244.160/public_html/" local="3406845665" remote="11996777552" /><file name="background.gif" server="66.147.244.160/public_html/" local="3406845665" remote="11996777552" /><file name="background.jpg" server="66.147.244.160/public_html/" local="3406845665" remote="11996777552" /><file name="logo.ai" server="66.147.244.160/public_html/" local="3406846394" remote="11996777552" /><file name="logo.gif" server="66.147.244.160/public_html/" local="3406845665" remote="11996777552" /></dwsync>